M58058.1,16024,16409,385,ttctttcatggggaagcagatttgggtaccacccaagtattgactcacccatcaacaaccgctatgtatttcgtacattactgccagccaccatgaatattgtacggtaccataaatacttgaccacctgtagtacataaaaacccaatccacatcaaaaccccctccccatgcttacaagcaagtacagcaatcaaccctcaactatcacgcatcaactgcaactccaaagccacccctcacccactaggataccaacaaacctacccacccttaacagtacatagtacataaaatcatttaccgtacatagcacattacagtcaaatcccttctcgtccccatggatgacccccctcagataggggtcccttgaccaccatcc,A; B; C; D,Sardinia,15
M58059.1,16024,16409,385,ttctttcatggggaagcagatttgggtaccacccaagtattgactcacccatcaacaaccgctatgtatttcgtacattactgccagccaccatgaatattgtacggtaccataaatacttaaccacctgtagtacataaaaacccaatccagatcaaaaccccctccccatgcttacaagcaagtacagcaatcaaccttcaactatcacacatcaactgcaactccaaagccacccctcacccactaggataccaacaaacctacccacccttaacagtacatagtacataaagccatttaccgtacatagcacattacagtcaaatcccttctcgtccccatggatgacccccctcagataggagtcccttgaccaccatcc,E,Sardinia,1
M58060.1,16024,16409,385,ttctttcatggggaagcagatttgggtaccacccaagtattgactcacccatcaacaaccgctatgtatttcgtacattactgccagccaccatgaatattgtacggtaccataaatacttgaccacctgtagtacataaaaacccaatccacatcaaaaccccccccccatgcttacaagcaagtacagcaatcaaccctcaactatcacacatcaactgcaactccaaagccacccctcacccactaggataccaacaaacctacccaccctcaacagtacatagtacataaagccatttaccgtacatagcacattacagtcaaatcccttctcgtccccatggatgacccccctcagataggggtcccttgaccaccatcc,E,Sardinia; Middle East,1;1
M58061.1,16024,16409,385,ttctttcatggggaagcagatttgggtaccacccaagtattgactcacccatcaacaaccgctatgtatttcgtacattactgccagccaccatgaatattgcacggtaccataaatacttgaccacctgtagtacataaaaacccaatccacatcaaaaccccctccccatgcttacaagcaagtacagcaatcaaccctcaactatcacacatcaactgcaactccaaagccacccctcacccactaggataccaacaaacctacccatccttaacagtacatagtacataaagccatttaccgtacatagcacattacagtcaaatcccttctcgtccccatggatgacccccctcagataggggtcccttgaccaccatcc,D,Sardinia,1
M58062.1,16024,16409,385,ttctttcatggggaagcagatttgggtaccacccaagtattgactcacccatcaacaaccgctatgtatttcgtacattactgccagccaccatgaatattgtacggtaccataaatacttgaccacctgtagtacataaaaaccaaatccacatcaaaaccccctcctcatgcttacaagcaagtacagcaatcaaccctcaactatcacacatcaactgcaactccaaagccacccctcacccattaggataccaacaaacctacccacccttaacagtacatagtacataaagccatttaccgtacatagcacattacagtcaaatcccttctcgtccccatggatgacccccctcagataggggtcccttgaccaccatcc,E,Sardinia,1
M58063.1,16024,16409,385,ttctttcatggggaagcagatttgggtaccacccaagtattgactcacccatcaacaaccgctatgtatttcgtacattactgccagccaccatgaatattgtacggtaccataaatacttgaccacctgtagtacataaaaacccaatccacatcaaaaccccctccccatgcttacaagcaagtacagcaatcaaccttcaactatcacacatcaactgcaactccaaagccacccctcacccactaggataccaacaaacctacctacccttaacagtacatagtacataaagccatttaccgtacatagcacattacagtcaaatcccttctcgtccccatggatgacccccctcagataggggtcccttgaccaccatcc,E,Sardinia,1
M58064.1,16024,16409,385,ttctttcatggggaagcagatttgggtaccacccaagtattgactcacccatcaacaaccgctatgtatttcgtacattactgccagccaccatgaatattgtacggtaccataaatacttgaccacctgtagtacataaaaacccaatccacatcaaaaccccctccccatgcttacaagcaagtacagcaatcaaccctcaactatcacacatcaactgcaactccaaagccacccctcacccactaggataccaacaaacctacccacccttaacagtacatagcacataaagccatttaccgtacatagcacattacagtcaaatcccttctcgtccccatggatgacccccctcagataggggtcccttgaccaccatcc,E,Sardinia,1
M58065.1,16024,16409,385,ttctttcatggggaagcagatttgggtaccacccaagtattgactcacccatcaacaaccgctatgtatttcgtacattactgccagccaccatgaatattgtacggtaccataaatacttgaccacctgtagtacataaaaacccaatccacatcaaaaccccctccccatgcttacaagcaagtacagcaatcaaccctcaactatcacacatcaactgcaactccaaagccacccctcacccactaggataccaacaaacctgcccacccttaacagtacatagtacataaagccatttaccgtacatagcacattacagtcaaatcccttctcgtccccatggatgacccccctcagataggggtcccttgaccaccatcc,B; C; E,Sardinia; Middle East,3;1
M58066.1,16024,16409,385,ttctttcatggggaagcagatttgggtaccacccaagtattgactcacccatcaacaaccgctatgtatttcgtacattactgccagccaccatgaatattgtacggtaccataaatacttgaccacctgtagtacataaaaacccaatccacatcgaaaccccctccccatgcttacaagcaagtacagcaatcaacccccaactatcacacatcaactgcaaccccaaagccacccctcacccactaggataccaacaaacctacccacccttaacagtacatagcacataaagccatttaccgtacatagcacattacagtcaaatcccttctcgtccccatggatgacccccctcagataggggtcccttgaccaccatcc,E,Middle East,1
M58067.1,16024,16409,385,ttctttcatggggaagcagatttgggtaccacccaagtattgactcacccatcaacaaccgctatgtatttcgtacattactgccagccaccatgaatattgtacggtaccataaatacttgaccacctgtagtacataaaaacccaatccacatcaaaaccccctccccatgcttacaagcaagtacagcaatcaaccctcaactatcacacatcaactgcaactccaaagccacccctcacccattaggataccaacaaacctacccacctttaacagtacatagtacataaagccattcaccgtacatagcacattacagtcaaatcccttctcgtccccatggatgacccccctcagataggggtcccttgaccaccatcc,E,Sardinia,1
M58068.1,16024,16409,385,ttctttcatggggaagcagatttgggtaccacccaagtattgactcacccatcaacaaccgctatgtatctcgtacattactgccagccaccatgaatattgtacagtaccataaatacttgaccacctgtagtacataaaaacccaatccacatcaaaaccccctccccatgcttacaagcaagtacagcaatcaaccctcaactatcacacatcaactgcaactccaaagccacccctcacccactaggataccaacaaacctacccacccttaacagtacatagtacataaagccatttaccgtacatagcacattacagtcaaatcccttctcgtccccatggatgacccccctcagataggggtcccttgaccaccatcc,E,Sardinia,1
M58069.1,16024,16409,385,ttctttcatggggaagcagatttgggtaccacccaagtattgactcacccatcaacaaccgctatgtatttcgtacattactgccagccaccatgaatattgtacggtaccataaatacttgaccacctgtagtacataaaaaccaaatccacatcaaaaccccctcctcatgcttacaagcaagtacagcaatcaaccctcaactatcacgcatcaactgcaactccaaagccacccctcacccattaggataccaacaaacctacccacccttaacagtacatagtacataaagccatttaccgtacatagcacattacagtcaaatcccttctcgtccccatggatgacccccctcagataggggtcccttgaccaccatcc,C,Sardinia,1
M58070.1,16024,16409,385,ttctttcatggggaagcagatttgggtaccacccaagtattgattcacccatcaacaaccgctatgtatttcgtacattactgccagccaccatgaatattgtacggtaccataaatacttgaccacctgtagtacataaaaacccaatccacatcaaaaccccctccccatgcttacaagcaagtacagcaatcaaccctcaactatcacacatcaactgcaactccaaagccacccctcacccactaggataccaacaaacctactcacccttaacagtacatagtacataaagccatctaccgtacatagcacattacagtcaaatcccttctcgtccccatggatgacccccctcagataggggtcccttgaccaccatcc,C; E,Sardinia,3
M58071.1,16024,16409,385,ttctttcatggggaagcagatttgggtaccacccaagtattgactcacccatcaacaaccgctatgtatttcgtacattactgccagccaccatgaatattgcacggtaccataaatacttgaccacctgtagtacatagaaacccaatccacatcaaaatctcccccccatgcttacaagcaagtacagcaatcaaccctcaactatcacacatcaactgcaactccaaagccacccctcacccactaggataccaacaaacctacccatccttaacagtacatagtacataaagccatttaccgtacatagcacattacagtcaaatcccttctcgtccccatggatgacccccctcagataggggtcccttgaccaccatcc,C,Sardinia,1
M58072.1,16024,16409,385,ttctttcatggggaagcagatttgggtaccacccaagtattgactcacccatcaacaaccgctatgtatttcgtacattactgccagccaccatgaatattgtacggtaccataaatacttgaccacctgtagtacataaaaacccaacccacatcaaaaccccctccccatgcttacaagcaagtacagcaatcaaccctcaactatcacacatcaactgcaactccaaagccacccctcacccactaggataccaacaaacctacccacccttaacagtacatagcacataaagccatttaccgtacatagcacattacagtcaaatcccttctcgtccccatggatgacccccctcagataggggtcccttgaccaccatcc,D; E,Sardinia,2
M58073.1,16024,16409,385,ttctttcatggggaagcagatttgggtaccacccaagtattgactcacccatcaacaaccgctatgtatttcgtacattactgccagccaccatgaatattgtacggtaccataaatacttgaccacctgtagtacataaaaacccaatccacatcaaaaccccctccccatgcttacaagcaagtacagcaatcaaccctcaactatcacacatcaactgcaactccaaagctacccctcacccactaggataccaacaaacctacccacccttaacagtacatagtacataaagccatttaccgtacatagcacattacagtcaaatcccttctcgtccccatggatgacccccctcagataggggtcccttgaccaccatcc,D,Sardinia,1
M58074.1,16024,16409,385,ttctttcatggggaagcagatttgggtaccacccaagtattgacttacccatcaacaaccgctatgtatttcgtacattactgccagccagcatgaatattgcacggtaccataaatacttgaccacctgtagtacataaaaacccaatccacatcaaaaccccctccccatgcttacaagcaagtacagcaatcaaccctcaactatcacacatcaactgcaactccaaagccacccctcacccactaggataccaacaaacctacccacccttaacagtacatagtacataaagccatttaccgtacatagcacattacagtcaaatcccttctcgtccccatggatgacccccctcagataggggtcccttgaccaccatcc,B; D; E,Sardinia,3
M58075.1,16024,16409,385,ttctttcatggggaagcaaatttgggtaccacccaagtattgactcacccatcaacaaccgctatgtatttcgtacattactgccagccaccatgaatattgtacggtaccataaatacttgaccacctgtagtacataaaaacccaatccacatcaaaaccccctccccatgcttacaagcaagtacagcaatcaaccctcaactatcacacatcaactgcaactccaaagccacccctcacccactaggataccaacaaacctacccacccttaacagtacatagtacataaagccatttaccgtacatagcacattacagtcaaatcccttctcgtccccatggatgacccccctcagataggggtcccttgaccaccatcc,A,Sardinia,1
M58076.1,16024,16409,385,ttctttcatggggaagcagatttgggtaccacccaagtattgactcacccatcaacaaccgctatgtatttcgtacattactgccagccaccatgaatattgcacggtaccataaatacttgaccacctgtagtacataaaaacccaatccacatcaaaaccccccccccatgcttacaagcaagtacagcaatcaaccctcaactatcacacatcaactgcaactccaaagccacccctcacccactaggataccaacaaacctacctatccttaacagtacatagtacataaagccatttaccgtacatagcacattacagtcaaatcccttctcgtccccatggatgacccccctcagataggggtcccttgaccaccatcc,E,Sardinia,1
M58077.1,16024,16409,385,ttctttcatggggaagcagatttgggtaccacccaagtattgactcacccatcaacaaccgctatgtatctcgtacattactgccagccaccatgaatattgtacggtaccataaatacttgaccacctgtagtacataaaaacccaatccacatcaaaaccccctccccatgcttacaagcaagtacagcaatcaacccccaactatcacacatcaactgcaactccaaagccacccctcacccactaggataccaacaaacctacccacccttaacagtacatagcacataaagccatttaccgtacatagcacattacagtcaaatcccttctcgtccccatggatgacccccctcagataggggtcccttgaccaccatcc,A; C,Sardinia,2
M58078.1,16024,16409,385,ttctttcatggggaagcagatttgggtaccacccaagtattgactcacccatcaacaaccgctatgtatttcgtacattactgccagccaccatgaatattgtacagtaccataaatacttgactacctgtagtacataaaaactcaacccacatcaaaaccctgcccccatgcttacaagcaagtacagcaatcaaccttcaactgtcacacatcaactgcaactccaaagccacccctcacccactaggataccaacaaacctacccacccttaacagtacatagcacataaagtcatttaccgtacatagcacattacagtcaaatcccttctcgtccccatggatgacccccctcagataggggtcccttgaccaccatcc,D,Sardinia,1
M58079.1,16024,16409,385,ttctttcatggggaagcagatttgggtaccacccaagtattgactcacccatcaacaaccgctatgtatttcgtacattactgccagccaccatgaatattgtacggtaccataaatacttaaccacctgtagtacataaaaacccaatccacatcaaaaccccccccccatgcttacaagcaagtacagcaatcaaccctcaactatcacacatcaactgcaaccccaaagccacccctcacccactaggataccaacaaacctacccacccttaacagtacatagtacataaagccatttaccgtacatagcacattacagtcaaatcccttctcgtccccatggatgacccccctcagataggggtcccttgaccaccatcc,D,Sardinia,1
M58080.1,16024,16409,385,ttctttcatggggaagcagatttgggtaccacccaagtattgactcacccatcaacaaccgctatgtatttcgtacattactgccagccaccatgaatattgtacagtaccataaatacttgaccacctgtagtacataaaaacccaatccacatcaaaaccccccccccatgcttacaagcaagtacagcaatcaaccctcaactatcacacatcaactgcaactccaaagccacccctcacccactaggataccaacaaacctacccacccttaacagtacatagtacataatgccatttaccgtacatagcacattacagtcaaatcccttctcgtccccatggatgacccccctcagataggggtcccttgaccaccatcc,C,Sardinia,1
M58081.1,16024,16409,385,ttctttcatggggaagcagatttgggtaccacccaagtattgactcacccatcaacaaccgctatgtatttcgtacattactgccagccaccatgaatattgtacggtaccataaatacttgaccacctgtagtacataaaaacccaatccacatcaaaaccccctccccatgcttacaagcaagtacagcaatcaaccctcaactatcacacatcaactgcaactccaaagccacccctcacccactaggataccaacaaacctacccacccttaacagcacatagtacataaagccatttaccgtacatagcacattacagtcaaatcccttctcgtccccatggatgacccccctcagataggggtcccttgaccaccatcc,D,Sardinia,1
M58082.1,16024,16409,385,ttctttcatggggaagcagatttgggtaccacccaagtattgacttacccatcaacaaccgctatgtatttcgtacattactgccagccaccatgaatattgcacggtaccataaatacttgaccacctgtagtacataaaaacccaatccacatcaaaaccccctccctatgcttacaagcaagtacagcaatcaaccctcaactatcacacatcaactgcaactccaaagccacccctcacccactaggatatcaacaaacctacccacccttaacagtacatagtacataaagccatttaccgtacatagcacattacagtcaaatcccttctcgtccccatggatgacccccctcagataggggtcccttgaccaccatcc,D,Sardinia,1
M58083.1,16024,16409,385,ttctttcatggggaagcagatttgggtaccacccaagtattgactcacccatcaacaaccgctatgtatttcgtacattactgccagccaccatgaatattgtacggtaccataaatacttgaccacctgtagtacataaaaacccaatccacatcaaaaccccccccccatgcttacaagcaagtacagcaatcaaccctcaactatcacacatcaactgcaactccaaagccacccctcacccactaggatatcaacaaacctacccgcccttaacagtacatagcacataaagccatttaccgtacatagcacattacagtcaaatcccttctcgtccccatggatgacccccctcagataggggtcccttgaccaccatcc,E,Sardinia,1
M58084.1,16024,16409,385,ttctttcatggggaagcagatttgggtaccacccaagtattgactcacccatcaacaaccgctatgtatttcgtacattactgccagccaccatgaatattgtacggtaccataaatacttgaccacctgtagtacataaaaacccaatccacatcaaaaccccctccccatgcttacaagcaagtacagcaatcaaccctcaactatcacacatcaactgcaactccaaagccacccctcacccactaggataccaacaaacctacccatccttaacagtacatagtacataaagccatttaccgtacatagcacattacagtcaaatcccttctcgtccccatggatgacccccctcagataggggtcccttgaccaccatcc,B,Sardinia,1
M58085.1,16024,16409,385,ttctttcatggggaagcagatttgggtaccacccaagtattgactcacccatcaacaaccgctatgtatttcgtacattactgccagccaccatgaatattgtacagtaccataaatacttgaccacctgtagtacataaaaacccaatccacatcaaaaccccccccccatgcttacaagcaagtacagcaatcaaccttcaactatcacacatcaactgcaaccccaaagccacccctcacccactaggataccaacaaacctacccacccttaacagtacatagcacataaagccatttaccgtacatagcacattacagtcaaatcccttcccgtccccatggatgacccccctcagataggggtcccttgaccaccatcc,C,Sardinia,1
M58086.1,16024,16409,385,ttctttcatggggaagcagatttgggtaccacccaagtattgactcacccatcaacaaccgctatgtatttcgtacattactgccagccaccatgaatattgtacagtaccataaatacttgaccacctgtagtacataaaaacccaatccacatcaaaaccccctccccatgcttacaagcaagtacagcaatcaacccccaactatcacacatctactgcaactccaaagccacccctcacccactaggataccaacaaacctacccacccttaacagtacatagcacataaagccatttaccgtacatagcacattacagtcaaatcccttctcgtccccatggatgacccccctcagataggggtcccttgaccaccatcc,D,Sardinia,1
M58087.1,16024,16409,385,ttctttcatggggaagcagatttgggtaccacccaagtattgactcacccatcaacaaccgctatgtatttcgtacattactgccagccaccatgaatattgtacggtaccataaatacttaaccacctgtagtacataaaaacccaatccacatcaaaaccccctccccatgcttacaagcaagtacagcaatcaaccctcaactatcacacatcaactgcaactccaaagccacccctcacccactaggataccaacaaacctacccacccttaacagtacatagtacataaagccatttaccgtacatagcacattacagtcaaatcccttctcgtccccatggatgacccccctcagataggggtcccttgaccaccatcc,B,Sardinia,1
M58088.1,16024,16409,385,ttctttcatggggaagcagatttgggtaccacccaagtattgacttacccatcaacaaccgctatgtatttcgtacattactgccagccaccatgaatattgcacggtaccataaatacttgaccacctgtagtacataaaaacccaatccacatcaaaaccccctccctatgcttacaagcaagtacagcaatcaaccctcaactatcacacatcaactgcaactccaaagccacccctcacccactaggatatcaacaaacctacccacccttaacagtacatagcacataaagccatttaccgtacatagcacattacagtcaaatcccttctcgtccccatggatgacccccctcagataggggtcccttgaccaccatcc,C,Sardinia,1
M58089.1,16024,16409,385,ttctttcatggggaagcagatttgggtaccacccaagtattgactcacccatcaacaaccgctatgtatttcgtacattactgccagccaccatgaatattgcacggtaccataaatacttgaccacctgtagtacataaaaacccaatccacatcaaaaccccctccccatgcttacaagcaagtacagcaatcaaccctcaactatcacacatcaactgcaactccaaagccacccctcacccactaggataccaacaaacctacctatccttaacagtacatagtacataaagccatttaccgtacatagcacattacagtcaaatcccttctcgtccccatggatgacccccctcagataggggtcccttgaccaccatcc,B,Sardinia,1
M58090.1,16024,16409,385,ttctttcatggggaagcagatttgggtgccacccaagtattgactcacccatcaacaaccgctatgtatttcgtacattactgccagccaccatgaatattgtacggtaccataaatacttgaccacctgtagtacataaaaacccaatccacatcaaaaccccctccccatgcttacaagcaagtacagcaatcaaccctcaactatcacacatcaactgcaactccaaagccacccctcacccactaggataccaacaaacctacccacccttaacagtacatagtacataaagccatttaccgtacatagcacattacagtcaaatcccttctcgtccccatggatgacccccctcagataggggtcccttgaccaccatcc,B; D,Sardinia,2
M58091.1,16024,16409,385,ttctttcatggggaagcagatttgggtaccacccaagtattgactcacccatcaacaaccgctatgtatttcgtacattactgccagccaccatgaatattgtacggtaccataaatacttgaccacctgtagtacataaaaacccaatccacatcaaaaccccctccccatgcttacaagcaagtacagcaatcaacccccaactatcacacatcaactgcaactccaaagccacccctcacccactaggataccaacaaacctacccacccttaacagtacatagcacataaagccatttaccgtacatagcacattacagtcaaatcccttctcgtccccatggatgacccccctcagataggggtcccttgaccaccatcc,B,Sardinia,1
M58092.1,16024,16409,385,ttctttcatggggaagcagatttgggtaccacccaagtattgactcacccatcaacaaccgctatgtatttcgtacattactgccagccaccatgaatattgcacggtaccataaatacttgaccacctatagtacataaaaacccaatccacatcaaaaccccctccccatgcttacaagcaagtacagcaatcaaccctcaactatcacacatcaactgcaactccaaagccacccctcatccactaggataccaacaaacctacccatccttaacagcacatagtacataaagccatttaccgtacatagcacattacagtcaaatcccttctcgtccccatggatgacccccctcagataggggtcccttgaccaccatcc,B,Sardinia,1
M58093.1,16024,16409,385,ttctttcatggggaagcagatttgggtaccacccaagtattgactcacccatcaacaaccgctatgtatttcgtacattactgccagccaccatgaatattgtacggtaccataaatacttgaccacctgtagtacataaaaacccaatccacatcaaaacctcccccccatgcttacaagcaagtacagcaatcaaccctcaactatcacacatcaactgcaaccccaaagccacccctcacccactaggataccaacaaacctacccacccttaacagtacatagtacataaagccatttaccgtacatagcacattacagtcaaatcccttctcgtcctcatggatgacccccctcagataggggtcccttgaccaccatcc,B,Sardinia,1
M58094.1,16024,16409,385,ttctttcatggggaagcagatttgggtaccacccaagtattgactcacccatcaacaaccgctatgtatttcgtacattactgccagccaccatgaatattgtacggtaccataaatacttgaccacctgtagtacataaaaacccaatccacatcaaaaccccccccccatgcttacaagcaagtacagcaatcaaccctcaactatcacacatcaactgcaactccaaagccacccctcacccactaggataccaacaaacctacccacccttaacagtacatagtacataaagccatttaccgtacatagcacattacagtcaaatcccttctcgtccccatggatgacccccctcagataggggtcccttgaccaccatcc,B,Sardinia,1
M58095.1,16024,16409,385,ttctttcatggggaagcagatttgggtaccacccaagtattgactcacccatcaacaaccgctatgtatttcgtacattactgccagccaccatgaatattgtacggtaccataaatacttgaccacctgtagtacataaaaacccaatccacatcaaaaccccctccccatgcttacaagcaagtacagcaatcaaccctcaactatcacacatcaactgcaactccaaagccacccctcacccactaggataccaacaaacctacccatctttaacagcacatagtacataaagccatttaccgtacatagcacattacagtcaaatcccttctcgtccccatggatgacccccctcagataggggtcccttgaccaccatcc,A,Sardinia,1
M58096.1,16024,16409,385,ttctttcatggggaagcagatttgggtaccacccaagtattgactcacccatcaacaaccgctatgtatctcgtacattactgccagccaccatgaatattgtacggtaccataaatacttgaccacctgtagtacataaaaacccaatccacatcaaaaccccctccccatgcttacaagcaagtacagcaatcaaccctcaactatcacacatcaactgcaactccaaagccacccctcacccactaggataccaacaaacctacccacccttaacagtacatagtacataaagccatttaccgtacatagcacattacagtcaaatcccttctcgtccccatggatgacccccctcagataggggtcccttgaccaccatcc,A,Sardinia,1
M58097.1,16024,16409,385,ttctttcatggggaagcagatttgggtaccacccaagtattgactcacccatcaacaaccgctatgtatttcgtacattactgccagccaccatgaatattgtacggtaccataaatacttgaccacctgtagtacataaaaacccaatccacatcaaaaccccccccccatgcttacaagcaagtacagcaatcaaccctcaactatcacacatcaactgcaaccccaaagccacccctcacccactaggataccaacaaacctacccacccttaacagtacatagtacataaagccatttaccgtacatagcacattacagtcaaatcctttctcgtccccatggatgacccccctcagataggggtcccttgaccaccatcc,A,Sardinia,1
M58098.1,16024,16409,385,ttctttcatggggaagcagatttgggtaccacccaagtattgactcacccatcaacaaccgctatgtatttcgtacattactgccagccatcatgaatattgtacggtaccataaatacttgaccacctgtagtacataaaaacccaatccacatcaaaaccccctccccatgcttacaagcaagtacagcaatcaaccctcaactatcacacatcaactgcaactccaaagccacccctcacccactaggataccaacaaacctacccacccttaacagtacatagtacataaagccatttaccgtacatagcacattacagtcaaatcccttctcgtccccatggatgacccccctcagataggggtcccttgaccaccatcc,A,Sardinia,1
M58099.1,16024,16409,385,ttctttcatggggaagcagatttgggtaccacccaagtattgactcacccatcaacaaccgctatgtatttcgtacattactgccagccaccatgaatattgtacggtaccataaatacttgaccacctgtagtacatgaaaacccaatccacatcaaaaccccctccccatgcttacaagcaagtacagcaatcaaccctcaactatcacacatcaactgcaactccaaagccacccctcacccactaggatatcaacaaacctacccacccttaacagcacatagtacataaagccatttaccgtacatagcacattacagtcaaatcccttctcgtccccatggatgacccccctcagataggggtcccttgaccaccatcc,A,Sardinia,1
M58100.1,16024,16409,385,ttctttcatggggaagcagatttgggtaccacccaagtattgactcacccatcaacaaccgctatgtatttcgtacattactgccagccaccatgaatattgtacagtaccataaatacttgaccacctgtagtacataaaaacccaatccacatcaaaaccccctccccatgcttacaagcaagtacagcaatcaaccctcaactatcacacatcaactgcaactccaaagccacccctcacccactaggataccaacaaacctacccacccttaacagtacatagtacataaagccatttaccgtacatagcacattacagtcaaatcccttctcgtccccatggatgacccccctcagataggggtcccttgaccaccatcc,A,Sardinia,1
M58101.1,16024,16409,385,ttctttcatggggaagcagatttgggtaccacccaagtattgacttacccatcaacaaccgctatgtatttcgtacattactgccagccaccatgaatattgcacggtaccataaatacttgaccacctgtagtacataaaaacccaatccacatcaaaaccccccccccatgcttacaagcaagtacagcaatcaaccctcaactatcacacatcaactgcaactccaaagccacccctcacccactaggataccaacaaacctacccacccttaacagtacatagtacataaagccatttaccgtacatagcacattacagtcaaatcccttctcgtccccatggatgacccccctcagataggggtcccttgaccaccatcc,A,Sardinia,1
M58102.1,16024,16409,385,ttctttcatggggaagcagatttgggtaccacccaagtattgactcacccatcaacaaccgctatgtatctcgtacattactgccagccaccatgaatattgtacggtaccataaatacttgaccacctgtagtacataaaaacccaatccacatcaaaacccccccctcatgcttacaagcaagtacagcaatcaaccttcaactatcacacatcaactgcaactccaaagccacccctcacccactaggatatcaacaaacctacccatccttaacagtacatagtacataaagccatttaccgtacatagcacattacagtcaaatcccttctcgtccccatggatgacccccctcagataggagtcccttgaccaccatcc,A,Sardinia,1
M58103.1,16024,16409,385,ttctttcatggggaagcagatttgggtaccacccaagtattgactcacccatcaacaaccgctatgtatttcgtacattactgccagccaccatgaatattgtacggtaccataaatacttgaccacctgtagtacataaaaacccaatccacatcaaaaccccccccccatgcttacaagcaagtacagcaatcaaccctcaactatcacacatcaactgcagctccaaagccacctctcacccactaggataccaacaaacctacccacccttaacagtacatagtacataaagccatttaccgtacatagcacattacagtcaaatcccttctcgtccccatggatgacccccctcagataggggtcccttgaccaccatcc,A,Sardinia,1
M58104.1,16024,16409,385,ttctttcatggggaagcagatttgggtaccacccaagtattgacttacccatcaacaaccgctatgtatttcgtacattactgccagccaccatgaatattgcacggtaccacaaatacttaaccacctgtagtacataaaaacccaatccacatcaaaaccccctccccatgcttacaagcaagtacagcaatcaactctcaactatcacacatcaactgcaactccaaagccacctctcacccactaggataccaacaaacctacccacccttaacagtacatagtacataaagccatttaccgtacatagcacattacagtcaaatcccttctcgtccccatggatgacccccctcagataggggtcccttgaccaccatcc,,Sardinia,1
M58105.1,16024,16409,385,ttctttcatggggaagcagatttgggtaccacccaagtattgactcacccatcaacaaccgctatgtatttcgtacattactgccagccaccatgaatattgcacggtaccataaatacttgaccacctgtagtacatagaaacccaatccacatcaaaacctcccccccatgcttacaagcaagtacagcaatcaaccctcaactatcacacatcaactgcaactccaaagccacccctcacccactaggataccaacaaacctacccatccttaacagtacatagtacataaagccatttaccgtacatagcacattacagtcaaatcccttctcgtccccatggatgacccccctcagataggggtcccttgaccaccatcc,,,2
M58106.1,16024,16409,385,ttctttcatggggaagcagatttgggtaccacccaagtattgactcacccatcaacaaccgctatgtatttcgtacattactgccagccaccatgaatattgcacggtaccataaatacttaaccacctgtagtacataaaaacccaatccacatcaaaaccccctccccatgcttacaagcaagtacagcaatcaactcccaactatcacacatcaactgcaactccaaagccacctctcacccactaggataccaacaaacctacccacccttaacagtacatagtacataaagccatttaccgtacatagcacattacagtcaaatcctttctcgtccccatggatgacccccctcagataggggtcccttgaccaccatcc,,Middle East,1
M58107.1,16024,16409,385,ttctttcatggggaagcagatttgggtaccacccaagtattgactcacccatcaacaaccgctatgtatttcgtacattactgccagccaccatgaatattgcacggtaccataaatacttgaccacctgtagtacataaaaacccaatccacatcaaaactccctccccatgcttacaagcaagtacagcaatcaaccctcaactatcacacatcaactgcaactccaaagccacccctcacccactaggataccaacaaacctacccacccttaacagtacatagtacataaagccatttaccgtacatagcacattacagtcaaatcctttctcgtccccatggatgacccccctcagataggggtcccttgaccaccatcc,,Middle East,1
M58108.1,16024,16409,385,ttctttcatggggaagcagatttgggtaccacccaagtattgacttacccatcaacaaccgctatgtatttcgtacattactgccagccaccatgaatattgcacggtaccataaatacttgaccacctgtagtacataaaaacccaatccacatcaaaaccccctccctatgcttacaagcaagtacagcaatcaaccctcaactatcacacatcaactgcaactccaaagccacccctcacccactaggataccaacaaacctacccacccttgacagtacatggtacataaagccatttaccgtacatagcacattacagtcaaatcccttctcgtccccatggatgacccccctcagataggggtcccttgaccaccatcc,,Middle East,1
M58109.1,16024,16409,385,ttctttcatggggaagcagatttgggtaccacccaagtattgactcacccatcaacaaccgctatgtatttcgtacattactgccagtcaccatgaatattgtacggtaccataaatacttgaccacctgtagtacacaaaaacccaatccacatcaaaaccccccccccatgcttacaagcaagtacagcaatcaaccctcaactatcacacatcaactgcaaccccaaagccacccctcacccactaggataccaacaaacctacccacccttaacagtacatagtacataaagccatttaccgtacatagcacattacagtcaaatcccttctcgtccccatggatgacccccctcagataggggtcccttgaccaccatcc,,Middle East,1
M58110.1,16024,16409,385,ttctttcatggggaagcagatttgggtaccacccaagtattgactcacccatcaacaaccgctatgtatttcgtacattactgccagtcaccatgaatattgtacggtaccataaatacttgaccacctgtagtacataaaaacccaacccacatcaaaaccccctccccatgcttacaagcaagtacagcaatcgaccctcaactatcacacatcaactgcaactccaaagccacccctcacccactaggataccaacaaacctacccacccttaacagtacatagcacataaagccatttaccgtacatagcacattacagtcaaatcccttctcgcccccatggatgacccccctcagataggggtcccttgaccaccatcc,,Middle East,1
M58111.1,16024,16409,385,ttctttcatggggaagcagatttgggtaccacccaagtattgactcacccatcaacaaccgctatgtatttcgtacattactgccagccaccatgaatattgtacagtaccataaatacttgactacctgtagtacataaaaactcaacccacatcaaaaccctgcccccatgcttacaagcaagtacagcaatcaaccttcaactgtcacacatcaactgcaactccaaagccacccctcacccactaggataccaacaaacctacccacccttaacagtacatagcacataaagccatttaccgtacatagcacattacagtcaaatcccttctcgtccccatggatgacccccctcagataggggtcccttgaccaccatcc,,Middle East,2
M58112.1,16024,16409,385,ttctttcatggggaagcagatttgggtaccacccaagtattgactcacccatcaacaaccgctatgtatctcgtacattactgccagccaccatgaatattgcacggtaccataaatacttgaccacctatagtacataaaaacccaatccacatcaaaaccccctccccatgcttacaagcaagtacagcaatcaaccctcaactatcacacatcaactgcaactccaaagccacccctcacccactaggataccaacaaacctacccatctttaacagtacatagtacataaagccatttaccgtacatagcacattacagtcaaatcccttctcgtccccatggatgacccccctcagataggggtcccttgaccaccatcc,,Middle East,1
M58113.1,16024,16409,385,ttctttcatggggaagcagatttgggtaccacccaagtattgactcacccatcaacaaccgctatgtatttcgtacattactgccagccaccatgaatattgcacggtaccataaatacttgaccacctgtagtacataaaaacccaatccacatcaaaaccccctccccatgcttacaagcaagtacagcaatcaaccctcaactatcacacatcaactgcaactccaaagccacccctcacccactaggataccaacaaacctacccacccttaacagtacatagtacataaagccatttaccgtacatagcacattacagtcaaatcccttctcgcccccatggatgacccccctcagataggggtcccttgaccaccatcc,,Middle East,1
M58114.1,16024,16409,385,ttctttcatggggaagcagatttgggtaccacccaagtattgactcacccatcaacaaccgctatgtatttcgtacattactgccagccaccatgaatattgcacggtaccataaatacttgaccacctgtagtacataaaaacccaatccacatcaaaaccccctccccatgcttacaagcaagtacagcaatcaaccctcaactatcacacatcaactgcaactccaaagccacccctcacccactaggataccaacaaacctacccacccttaacagtacatagtacataaagccatttaccgtacatagcacattacagtcaaatcccttctcgtccccatggatgacccccctcagataggggtcccttgaccaccatcc,,Middle East,1
M58115.1,16024,16409,385,ttctttcatggggaagcagatttgggtaccacccaagtattgactcacccatcaacaaccgctatgtatttcgtacattactgccagccaccatgaatattgtacagtaccataaatacttgaccacctgtagtacataaaaacccaatccacatcaaaaccccccccccatgcttacaagcaagtacagcaatcaaccttcaactatcacacatcaactgcaaccccaaagccacccctcacccactaggataccaacaaacctacccacccttaacagtacatagcacataaagccatttaccgtacatagcacattacagtcaaatcccttctcgtccccatggatgacccccctcagataggggtcccttgaccaccatcc,,Middle East,1
M58116.1,16024,16409,385,ttctttcatggggaagcagatttgggtaccacccaagtattgactcacccatcaacaaccgctatgtatttcgtacattactgccagccaccatgaatattgcacggtaccataaatacttgaccacctgtagtacataaaaacccaatccacatcaaaaccccctccccatgcttacaagcaagtacagcaatcaaccctcaactatcacacatcaactgcaactccaaagccacccctcacccactaggataccaacaaacctacccacccttaacagcacatagtacataaagccatttaccgtacatagcacattacagtcaaatcccttctcgcccccatggatgacccccctcagataggggtcccttgaccaccatcc,,Middle East,1
M58117.1,16024,16409,385,ttctttcatggggaagcagatttgggtaccacccaagtattgactcacccatcaacaaccgctatgtatttcgtacattactgccagccaccatgaatattgcacggtaccataaatacttgaccacctgtagtacataaaaacccaatccacatcaaaacctcctccccatgcttacaagcaagtacagcaatcaaccctcaactatcacacatcaactgcaactccaaagccacccctcacccactaggataccaacaaacctacccacccttaacagtacatagtacataaagccatttaccgtacatagcacattacagtcaaatcctttctcgcccccatggatgacccccctcagataggggtcccttgaccaccatcc,,Middle East,1
M58118.1,16024,16409,385,ttctttcatggggaagcagatttgggtaccacccaagtattgactcacccatcaacaaccgctatgtatttcgtacattactgccagccaccatgaatattgtacagtaccataaatacttgaccacctgtagtacataaaaacccaatccacatcaaaaccccccccccatgcttacaagcaagtacagcaatcaaccctcaactatcacacatcaactgcaaccccaaagccacccctgacccactaggataccaacaaacctacccacccttaacagtacatagtacataaagccatttaccgtacatagcacattacagtcaaatcccttctcgtccccatggatgacccccctcagataggggtcccttgaccaccatcc,,Middle East,1
M58119.1,16024,16409,385,ttctttcatggggaagcagatttgggtaccacccaagtattgactcacccatcaacaaccgctatgtatttcgtacattactgccagccaccatgaatattgtacagtaccataaatacttgaccacctgtagtacataaaaacccaatccacatcaaaaccccccccccatgcttacaagcaagtacagcaatcaaccttcaactatcacacatcaactgcaaccccaaagtcacccctcacccactaggataccaacaaacctacccacccttaacagtacatagcacataaagccatttaccgtacatagcacattacagtcaaatcccttcccgtccccatggatgacccccctcagataggggtcccttgaccaccatcc,,Middle East,1
M58120.1,16024,16409,385,ttctttcatggggaagcagatttgggtaccacccaagtattgacttacccatcaacaaccgctatgtatttcgtacattactgccagccaccatgaatattgcacggtaccacaaatacttaaccacctgtagtacataaaaacccaatccacatcaaaatcccctccccatgcttacaagcaagtacagcaatcaattctcaactatcacacatcaactgcaactccaaagccacctctcacccactaggataccaacaaacctacccacccttaacagtacatagtacataaagccatttaccgtacatagcacattacagtcaaatcccttctcgtccccatggatgacccccctcagataggggtcccttgaccaccatcc,,Middle East,1
M58121.1,16024,16409,385,ttctttcatggggaagcagatttgggtaccacccaagtattgactcacccatcaacaaccgctatgtatttcgtacattactgccagccaccatgaatattgcacggtaccataaatacttgaccacctgtagtacataaaaacccaatccacatcaaaaccccctcctcatgcttacaagcaagtacagcaatcaaccttcaactatcacacatcaactgcaactccaaagccacccctcacccactaggataccaacaaacctactcacccttaacagtacatagtgcataaagccatttaccgtacatagcacattacagtcaaatcccttctcgtccccatggatgacccccctcagataggggtcccttgaccaccatcc,,Middle East,1
M58122.1,16024,16409,385,ttctttcatggggaagcagatttgggtaccacccaagtattgactcacccatcaacaaccgctatgtatttcgtacattactgccagccaccatgaatattgtacggtaccataaatacttgaccacctgtagtacataaaaacccaatccacatcaaaaccccccccccatgcttacaagcaagtacagcaatcaaccttcaactatcacacatcaactgcaactccaaagccacccctcacccactaggatatcaacaaacctacccacccttaacagtacatagtacataaagccatttaccgtacatagcacattacagtcaaatcccttctcgtccccatggatgacccccctcagataggggtcccttgaccaccatcc,,Middle East,1
M58123.1,16024,16409,385,ttctttcatggggaagcagatttgggtaccacccaagtattgactcacccatcaacaaccgctatgtatttcgtacattactgccagccaccatgaatattgtacggtaccataaatacttgaccacctgtagtacataaaaacccaatccacatcaaaaccccctccccatgcttacaagcaagtacagcaatcaaccttcaactatcacacatcaactgcaactccaaagccacccctcacccactaggataccaacaaacctatccacccttaacagtacatagtacataaaaccatttaccgtacatagcacattacagtcaaatcccttctcgtccccatggatgacccccctcagataggggtcccttgaccaccatcc,,Middle East,2
M58124.1,16024,16409,385,ttctttcatggggaagcagatttgggtaccacccaagtattgactcacccatcaacaaccgctatgtatttcgtacattactgccagccaccatgaatattgtacggtaccataaatacttgaccacctgtagtacataaaaacccaatccacatcaaaacccccccctcatgcttacaagcaagtacagcaatcaaccttcaactatcacacatcaactgcaactccaaagccacccctcacccactaggatatcaacaaacctacctacccttaacagtacatggtacataaagccatttaccgtacatagcacattacagtcaaatcccttctcgtccccatggatgacccccctcagataggagtcccttgaccaccatcc,,Middle East,1
M58125.1,16024,16409,385,ttctttcatggggaagcagatttgggtaccacccaagtattgactcacccatcaacaaccgctatgtatttcgtacattactgccagccaccatgaatattgtacggtaccataaatacttgaccacctgtagtacataaaaacccaatccacatcaaaaccccctccccatgcttacaagcaagtacagcaatcaaccttcaactatcacacatcaactgcaactccaaagccacccctcacccactaggataccaacaaacctacccacccttaacagtacatagtacataaagccatctaccgtacatagcacattacagtcaaatccctcctcgtccccatggatgacccccctcagataggggtcccttgaccaccatcc,,Middle East,1
M58126.1,16024,16409,385,ttctttcatggggaagcagatttgggtaccacccaagtattgactcacccatcaacaaccgctatgtatctcgtacattactgccagccaccatgaatattgtacggtaccataaatacttgaccacctgtagtacataaaaacccaatccacatcaaaaccccctccccatgcttacaagcaagtacagcaatcaaccctcaactatcacacatcaactgcaactccaaagccacccctcacccactaggataccaacaaacctacccacccttaacagtacatagtacataaagccatttatcgtacatagcacattgcagtcaaatcccttctcgtccccatggatgacccccctcagataggggtcccttgaccaccatcc,,Middle East,1
M58127.1,16024,16409,385,ttctttcatggggaagcagatttgggtaccacccaagtattgacttacccatcaacaaccgctatgtatttcgtacattactgccagccaccatgaatattgcacggtaccataaatacttaaccacctgtagtacataaaaacccaatccacatcaaaaccccctccccatgcttacaagcaagtacagcaatcaaccctcaactatcacacatcaactgcaactccaaagccacctctcacccactaggataccaacaaacctacccacccttaacagtacatagtacataaagccatttaccgtacatagcacattacagtcaaatcccttctcgtccccatggatgacccccctcagataggggtcccttgaccaccatcc,,Middle East,1
M58128.1,16024,16409,385,ttctttcatggggaagcagatttgggtaccacccaagtattgacttacccatcaacaaccgctatgtatttcgtacattactgccagccaccatgaatattgcacggtaccataaatacttaaccacctgtagtacataaaaacccaatccacatcaaaaccccctccccatgcttacaagcaagtacagcaatcaatcctcaactatcacacatcaactgcaactccaaagccacctctcacccactaggataccaacaaacctacccacccttaacagtacatagtacataaagccatttaccgtacatagcacattacagtcaaatcccttctcgtccccatggatgacccccctcagataggggtcccttgaccaccatcc,,Middle East,1
M58129.1,16024,16409,385,ttctttcatggggaagcagatttgggtaccacccaagtattgacttacccatcaacaaccgctatgtatttcgtacattactgccagccaccatgaatattgtacggtaccataaatacttgaccacctgtagtacataaaaacccaatccacatcaaaaccccctccccatgcttacaagcaagtacagcaatcaaccctcaactatcacacatcaactgcaactccaaagccacccctcacccactaggataccaacaaacctacccacccttaacagtacatagcacataaagccatttaccgtacatagcacattacagtcaaatcccttctcgtccccatggatgacccccctcagataggggtcccttgaccaccatcc,,Middle East,1
M58130.1,16024,16409,385,ttctttcatggggaagcagatttgggtaccacccaagtattgactcacccatcaacaaccgctatgtatttcgtacattactgccagccaccatgaatattgcacggtaccataaatacttgaccacctgtagtacatgaaaacccaatccacatcaaaaccccctccccatgcttacaagcaagtacagcaatcaaccctcaactatcacacatcaactgcaactccaaagccacccctcacccactaggataccaacaaacctacccacccttaacagtacatagtacataaagccatttaccgtacatagcacattacagtcaaatcctttctcgcccccatggatgacccccctcagataggggtcccttgaccaccatcc,,Middle East,1
M58131.1,16024,16409,385,ttctttcatggggaagcagatttgggtaccacccaagtattgactcacccatcaacaaccgctatgtatttcgtacattactgccagccaccatgaatattgtacggtaccataaatacttgaccacctgtagtacataaaaacccaatccacatcaaaaccccctccccatgcttacaagcaagtacagcaaccaaccctcaactatcatacatcaactgcaactccaaagccacccctcacccactaggataccaacaaacctacccacccttaacagtacatagtacataaagccatttaccgtacataacacattacagtcaaatcccttctcgtccccatggatgacccccctcagataggggtcccttgaccaccatcc,,Middle East,1
M58132.1,16024,16409,385,ttctttcatggggaagcagatttgggtaccacccaagtattgacttacccatcaacaaccgctatgtatttcgtacattactgccagccaccatgaatattgcacggtaccataaatacttaaccacctgtagtacataaaaacccaatccacatcaaaaccccctccccatgcttacaagcaagtacagcaatcaactctcaactatcacacatcaactgcaactccaaagccacctctcacccactaggataccaacaaacctacccacccttaacagtacatagtacataaagccatttaccgtacatagcacattacagtcaaatcccttctcgtccccatggatgacccccctcagataggggtcccttgaccaccatcc,,Middle East,1
M58133.1,16024,16409,385,ttctttcatggggaagcagatttgggtaccacccaagtattgactcacccatcaacaaccgctatgtatttcgtacattactgccagccaccatgaatattgtacggtaccataaatacttgaccacctgtagtacataaaaacccaatccacatcaaaacccccccctcatgcttacaagcaagtacagcaatcaaccttcaactatcacacatcaactgcaactccaaagccacccctcacccactaggatatcaacaaacctacccatccttaacagtacatggtacataaagccatttaccgtacatagcacattacagtcaaatcccttctcgtccccatggatgacccccctcagataggagtcccttgaccaccatcc,,Middle East,1
M58134.1,16024,16409,385,ttctttcatggggaagcagatttgggtaccacccaagtattgactcacccatcaacaaccgctatgtatttcgtacattactgccagccaccatgaatattgcacggtaccataaatacttgaccacctgtagtacatagaaacccaatccacatcaaaacctcccccccatgcttacaagcaagtacagcaatcaaccctcaactatcacacatcaactgcaactccaaagccacccctcacccactaggataccaacaaacctacccatccttaacagtacatagtacataaagccatttaccgtacatagcacattacagtcaaatcccttctcgtccccatggatgacccccctcagataggagtcccttgaccaccatcc,,Middle East,1
M58135.1,16024,16409,385,ttctttcatggggaagcagatttgggtaccacccaagtattgactcacccatcaacaaccgctatgtatttcgtacattactgccagccaccatgaatattgcacggtaccataaatacttgaccacctgtagtacataaaaacccaatccacatcaaaaccccctccccatgcttacaagcaagtacagcaatcaaccctcaactatcacacatcaactgcaactccaaagccacccctcacccactaggataccaacaaacctacccatctttaacagtacatagtacataaagccatttaccgtacatagcacattacagtcaaatcccttctcgtccccatggatgacccccctcagataggggtcccttgaccaccatcc,,Middle East,1
M58136.1,16024,16409,385,ttctttcatggggaagcagatttgggtaccacccaagtattgactcacccatcaacaaccgctatgtatttcgtacattactgccagccaccatgaatattgtacggtaccataaatacttgaccacctgtagtacataaaaacccaatccacatcaaaaccccctccccatgcttacaagcaagtacagcaatcaaccctcaactatcacacatcaactgcaactccaaagccacccctcacccactaggataccaacaaacctatccactcttaacagtacatagtacataaagccatttaccgtacatagcacattacagtcaaatcccttctcgtccccatggatgacccccctcagataggggtcccttgaccaccatcc,,Middle East,1
M58137.1,16024,16409,385,ttctttcatggggaagcagatttgggtaccacccaagtattgactcacccatcaacaaccgctatgtatttcgtacattactgccagccaccatgaatattgcacggtaccataaatacttgaccacctgtagtacataaaaacccaatccacatcaaaaccccccccccatgcttacaagcaagcacagcaatcaaccctcaactatcacacatcaactgcaactccaaagtcacccctcacccactaggataccaacaaacctacccatctttaacagtacatagtacataaagccatttaccgtacatagcacattacagtcaaatcccttctcgtccccatggatgacccccctcagataggggtcccttgaccaccatcc,,Middle East,1
M58138.1,16024,16409,385,ttctttcatggggaagcagatttgggtaccacccaagtattgactcacccatcaacaaccgctatgtatttcgtacattactgccagccaccatgaatattgtacggtaccataaatacttgaccacctgtagtacataaaaacccaatccacatcaaaaccccctccccatgcttacaagcaagtacggcaatcaaccctcaactatcacacatcaactgcaactccaaagccacccctcacccactaggataccaacaaacctacccacccttaacagtacatagtacataaagccatttaccgtacatagcacattacagtcaaatcccttctcgtccccatggatgacccccctcagataggggtcccttgaccaccatcc,,Middle East,1
M58139.1,16024,16409,385,ttctttcatggggaagcagatttgggtaccacccaagtattgactcacccatcaacaaccgctatgtatttcgtacattactgccagccaccatgaatattgtacggtaccataaatacttgaccacctgtagtacatgaaaacccaatccacatcaaaaccccctccccatgcttacaagcaagtacagcaatcaaccctcaactatcacacatcaactgcaactccaaagccacccctcacccactaggataccaacaaacctacccacccttaacagtacatagtacataaagccatttaccgtacatagcacattacagtcaaatcccttctcgtccccatggatgacccccctcagataggggtcccttgaccaccatcc,,Middle East,1
M58140.1,16024,16409,385,ttctttcatggggaagcagatttgggtaccacccaagtattgactcacccatcaacaaccgctatgtatttcgtacattactgccagccaccatgaatattgtacggtaccataaatacttgaccacctgtagtacataaaaacccaatccacatcaaaaccccctccccatgcttacaagcaagtacagcaatcaaccctcaactatcacacatcaactgcaactccaaagccacccctcatccactaggataccaacaaacctacccacccttaacagtacatagcacataaagccatttaccgtacatagcacattacagtcaaatcccttctcgtccccatggatgacccccctcagataggggtcccttgaccaccatcc,,Middle East,1
M58141.1,16024,16409,385,ttctttcatggggaagcagatttgggtaccacccaagtattgactcacccatcaacaaccgctatgtatctcgtacattactgccagccaccatgaatattgtacggtaccataaatacttgaccacctgtagtacataaaaacccaatccacatcaaaaccccccccccatgcttacaagcaagtacagcaatcaaccctcaactatcacacatcaactgcaactccaaagccacccctcacccactaggataccaacaaacctacccacccttaacagtacatagcacataaagccatttaccgtacatagcacattacagtcaaatcccttctcgtccccatggatgacccccctcagataggggtcccttgaccaccatcc,,,1
M58142.1,16024,16409,385,ttctttcatggggaagcagatttgggtaccacccaagtattgactcacccatcaacaaccgctatgtatttcgtacattattgccagccaccatgaatattgtacggtaccataaatacttgaccacctgtagtacataaaaacccaatccacatcaaaaccccctccccatgcttacaagcaagtacagcaatcaacccccaactatcacacatcaactgcaactccaaagccacccctcacccactaggataccaacaaacctacccacccttaacagtacatagcacataaagccatttaccgtacatagcacattacagtcaaatcccttctcgtccccatggatgacccccctcagataggggtcccttgaccaccatcc,,,1
M58143.1,16024,16409,385,ttctttcatggggaagcagatttgggtaccacccaagtattgactcacccatcaacaaccgctatgtatttcgtacattactgccagccaccatgaatattgtacggtaccataaatacttgaccacctgtagtacataaaaacccaatccacatcaaaaccccctccccatgcttacaagcaagtacagcaatcaacccccaactatcacacatcaactgcaactccaaagccacccctcacccactaggataccaacaaacctacccacccttaacagtacatagcacataaagccatttaccgtacatagcacattacagtcaaatcccttctcgcccccatggatgacccccctcagataggggtcccttgaccaccatcc,,,1
M58144.1,16024,16409,385,ttctttcatggggaagcagatttgggtaccacccaagtattgactcacccatcaacaaccgctatgtatctcgtacattactgccagccaccatgaatattgtacggtaccataaatacttgaccacctgtagtacataaaaacccaatccacatcaaaaccccctccccatgcttacaagcaagtacagcaatcaaccctcaactatcacacatcaactgcaactccaaagccacccctcacccactaggataccaacaaacctacccacccttaacagtacatagcacataaagccatttaccgtacatagcacattacagtcaaatcccttctcgcccccatggatgacccccctcagataggggtcccttgaccaccatcc,,,1
